<?xml version="1.0" encoding="UTF-8"?>
<beans xmlns="http://www.springframework.org/schema/beans"
       xmlns:p="http://www.springframework.org/schema/p"
       xmlns:xsi="http://www.w3.org/2001/XMLSchema-instance"
       xsi:schemaLocation="http://www.springframework.org/schema/beans http://www.springframework.org/schema/beans/spring-beans.xsd">
    <bean id="student" class="com.Zhuoye.sping.Student">

        <property name="sName" value="大大怪"></property>
        <property name="sid" value="20220310"></property>
        <property name="sSex" value="男"></property>
    </bean>
    <bean id="emp" class="com.Zhuoye.sping.Emp">
        <property name="eName" value="XiaomiMIX4"></property>
        <property name="Pingpai" value="Xiaomi"></property>
        <property name="clolr" value="影青灰"></property>
    </bean>

    <bean id="car" class="com.Zhuoye.sping.Car">
        <constructor-arg name="xingHao" value="轿跑"></constructor-arg>
        <constructor-arg name="color" value="暗影黑"></constructor-arg>
        <constructor-arg name="chexing" value="红旗H9"></constructor-arg>
    </bean>
    <bean id="dianlao"  class="com.Zhuoye.sping.dianlao" p:x="联想拯救者" p:y="8599￥"></bean>

</beans>