<?xml version="1.0" encoding="UTF-8"?>
<beans xmlns="http://www.springframework.org/schema/beans"
       xmlns:xsi="http://www.w3.org/2001/XMLSchema-instance"
       xmlns:p="http://www.springframework.org/schema/p"
       xsi:schemaLocation="http://www.springframework.org/schema/beans http://www.springframework.org/schema/beans/spring-beans.xsd">


    <bean id="student" class="com.zuoye.spring.Student">
        <property name="Name" value="张三"></property>
        <property name="Id" value="2003011"></property>
        <property name="Sex" value="男"></property>
    </bean>

    <bean id="emp" class="com.zuoye.spring.Emp">
        <property name="Name" value="李四"></property>
        <property name="Age" value="20"></property>
        <property name="Sex" value="男"></property>
        <property name="Addr" value="四川"></property>
        <property name="Hobby" value="看小说"></property>
    </bean>


     <bean id="user" class="com.zuoye.spring.User" p:uName="王五" p:uId="1001"  p:uSex="男"></bean>




</beans>