<?xml version="1.0" encoding="UTF-8"?>
<beans xmlns="http://www.springframework.org/schema/beans"
       xmlns:p="http://www.springframework.org/schema/p"
       xmlns:xsi="http://www.w3.org/2001/XMLSchema-instance"
       xsi:schemaLocation="http://www.springframework.org/schema/beans http://www.springframework.org/schema/beans/spring-beans.xsd">

    <!--1.创建Book的对象,bean标签创建对象
    id:表示这个对象的名字,唯一性,对象名命名：首字母小写，第二个单词首字母大写
    class:表示类的全限定名，用于这个类来创建对象-->
    <bean id="book" class="com.sccs.spring.Book">
        <!--property标签用于为对象的属性赋值
        name:表示对应这个对象的属性名
        value:表示给这个属性赋值-->
        <property name="bName" value="spring boot实战"></property>
        <property name="bAuthor" value="Walls"></property>
    </bean>
    <bean id="stu" class="com.sccs.spring.Student">
        <property name="sName" value="Hello World!"></property>
        <property name="sId" value="147258369"></property>
        <property name="sSex" value="无差别"></property>
    </bean>
    <bean id="emo" class="com.sccs.spring.Emp">
        <property name="uName" value="小明"></property>
        <property name="pwd" value="xiaoming123456"></property>
        <property name="age" value="18"></property>
        <property name="hobby" value="打篮球"></property>
    </bean>
    <bean id="ioe" class="com.sccs.spring.IOE" p:aName="小明" p:aSex="男" p:aAge="18" p:aEmail="212121212@qq.com"></bean>
</beans>