<?xml version="1.0" encoding="UTF-8"?>
<beans xmlns="http://www.springframework.org/schema/beans"
       xmlns:xsi="http://www.w3.org/2001/XMLSchema-instance"
       xmlns:p="http://www.springframework.org/schema/p"
       xsi:schemaLocation="http://www.springframework.org/schema/beans http://www.springframework.org/schema/beans/spring-beans.xsd">


    <bean id="student" class="com.zuoye.spring.Student">
        <property name="sName" value="张三"></property>
        <property name="sId" value="2003001"></property>
        <property name="sSex" value="男"></property>
    </bean>

    <bean id="emp" class="com.zuoye.spring.Emp">
        <property name="zName" value="李四"></property>
        <property name="zAge" value="18"></property>
        <property name="zSex" value="男"></property>
        <property name="zAddr" value="四川"></property>
        <property name="zHobby" value="玩游戏"></property>
    </bean>


     <bean id="user" class="com.zuoye.spring.User" p:uName="王五" p:uId="1001"  p:uSex="男"></bean>



</beans>