<?xml version="1.0" encoding="UTF-8"?>
<beans xmlns="http://www.springframework.org/schema/beans"
       xmlns:p="http://www.springframework.org/schema/p"
       xmlns:xsi="http://www.w3.org/2001/XMLSchema-instance"
       xsi:schemaLocation="http://www.springframework.org/schema/beans http://www.springframework.org/schema/beans/spring-beans.xsd">

    <bean id="student" class="com.sccs.spring.Student" p:sName="伍贤莉" p:sId="2020032393" p:sSex="女"></bean>


    <bean id="orders" class="com.sccs.spring.Orders">
        <constructor-arg name="oName" value="四川城市职业学院"></constructor-arg>
        <constructor-arg name="oaddres" value="成都市龙泉驿区大面街道洪河大道中路"></constructor-arg>
    </bean>
    
</beans>