<?xml version="1.0" encoding="UTF-8"?>
<beans xmlns="http://www.springframework.org/schema/beans"
       xmlns:p="http://www.springframework.org/schema/p"
       xmlns:xsi="http://www.w3.org/2001/XMLSchema-instance"
       xsi:schemaLocation="http://www.springframework.org/schema/beans http://www.springframework.org/schema/beans/spring-beans.xsd">
    <bean id="student" class="com.Zhuoye.sping.Student">

        <property name="sName" value="王世东"></property>
        <property name="sid" value="20020552124"></property>
        <property name="sSex" value="男"></property>
    </bean>
    <bean id="emp" class="com.Zhuoye.sping.Emp">
        <property name="eName" value="华为"></property>
        <property name="Pingpai" value="华为 p40"></property>
        <property name="clolr" value="蓝色"></property>
    </bean>

    <bean id="car" class="com.Zhuoye.sping.Car">
        <constructor-arg name="xingHao" value="SUV"></constructor-arg>
        <constructor-arg name="color" value="绿"></constructor-arg>
        <constructor-arg name="chexing" value="奔驰GLS"></constructor-arg>
    </bean>
    <bean id="dianlao"  class="com.Zhuoye.sping.dianlao" p:x="戴尔" p:y="5799￥"></bean>

</beans>