<?xml version="1.0" encoding="UTF-8"?>
<beans xmlns="http://www.springframework.org/schema/beans"
       xmlns:xsi="http://www.w3.org/2001/XMLSchema-instance"
       xmlns:p="http://www.springframework.org/schema/p"
       xmlns:context="http://www.springframework.org/schema/context"
       xsi:schemaLocation="http://www.springframework.org/schema/beans http://www.springframework.org/schema/beans/spring-beans.xsd http://www.springframework.org/schema/context http://www.springframework.org/schema/context/spring-context.xsd">

    <bean id="student" class="com.cmh.pojo.Student">
        <property name="id" value="555"/>
        <property name="name" value="张三"/>
        <property name="sex" value="男"/>
    </bean>

    <bean id="emp" class="com.cmh.pojo.Emp">
        <property name="id" value="666"/>
        <property name="name" value="李四"/>
        <property name="sex" value="女"/>
        <property name="money" value="100000"/>
    </bean>
    <bean id="emp2" class="com.cmh.pojo.Emp"
          p:id="888"
          p:name="大哥"
          p:sex="男"
          p:money="122200"
    />

    <bean id="order" class="com.cmh.pojo.Order">
        <constructor-arg name="oname" value="电脑"/>
        <constructor-arg name="oaddr" value="四川城市职业学院"/>
    </bean>
</beans>