<?xml version="1.0" encoding="UTF-8"?>
<beans xmlns="http://www.springframework.org/schema/beans"
       xmlns:xsi="http://www.w3.org/2001/XMLSchema-instance"
       xmlns:p="http://www.springframework.org/schema/p"
       xsi:schemaLocation="http://www.springframework.org/schema/beans http://www.springframework.org/schema/beans/spring-beans.xsd">




    <bean id="student" class="com.demo.spring.Student">
        <property name="sName" value="123"></property>
        <property name="sId" value="2020001"></property>
        <property name="sSex" value="男"></property>
    </bean>


    <bean id="emp" class="com.demo.spring.Emp">
        <property name="name" value="123"></property>
        <property name="age" value="22"></property>
        <property name="addr" value="四川"></property>
    </bean>

    <bean id="user" class="com.demo.spring.User" p:name="王五" p:age="1001"  p:sex="男"></bean>

</beans>