<?xml version="1.0" encoding="UTF-8"?>
<beans xmlns="http://www.springframework.org/schema/beans"
       xmlns:xsi="http://www.w3.org/2001/XMLSchema-instance"
       xmlns:p="http://www.springframework.org/schema/p"
       xmlns:c="http://www.springframework.org/schema/c"
       xsi:schemaLocation="http://www.springframework.org/schema/beans http://www.springframework.org/schema/beans/spring-beans.xsd">

    <bean id="student" class="com.cxr.pojo.Student">
        <property name="sid" value="1234"/>
        <property name="name" value="c"/>
        <property name="sex" value="male"/>
    </bean>

    <bean id="employee" class="com.cxr.pojo.Employee">
        <property name="eid" value="5537413"/>
        <property name="name" value="dragon"/>
        <property name="sex" value="male"/>
        <property name="address" value="chengdu"/>
        <property name="joinTime" value="2022/3/17"/>
    </bean>

    <bean id="user01" class="com.cxr.pojo.User" p:id="10086" p:username="admin" p:password="123456"/>

    <bean id="user02" class="com.cxr.pojo.User">
        <constructor-arg index="0" value="10010"/>
        <constructor-arg index="1" value="test"/>
        <constructor-arg index="2" value="1314"/>
    </bean>

    <bean id="user03" class="com.cxr.pojo.User" c:id="10000" c:username="test03" c:password="14258"/>
</beans>